Image, First_point,   Second_point, Distance
3, [434, 117],    [440, 189], 240.02902 cm   
3, [385, 162],    [397, 241], 192.97459 cm   
